Model,Chain,Residue Index,Sequence,Binding site probability
0,A,17,T,0.053
0,A,18,D,0.058
0,A,19,P,0.043
0,A,20,P,0.044
0,A,21,A,0.029
0,A,22,D,0.018
0,A,23,G,0.005
0,A,24,A,0.019
0,A,25,L,0.023
0,A,26,K,0.007
0,A,27,R,0.005
0,A,28,A,0.044
0,A,29,E,0.189
0,A,30,E,0.008
0,A,31,L,0.008
0,A,32,K,0.727
0,A,33,T,0.157
0,A,34,Q,0.004
0,A,35,A,0.076
0,A,36,N,0.870
0,A,37,D,0.052
0,A,38,Y,0.096
0,A,39,F,0.910
0,A,40,K,0.623
0,A,41,A,0.019
0,A,42,K,0.449
0,A,43,D,0.073
0,A,44,Y,0.413
0,A,45,E,0.078
0,A,46,N,0.010
0,A,47,A,0.403
0,A,48,I,0.088
0,A,49,K,0.013
0,A,50,F,0.020
0,A,51,Y,0.589
0,A,52,S,0.034
0,A,53,Q,0.004
0,A,54,A,0.005
0,A,55,I,0.103
0,A,56,E,0.028
0,A,57,L,0.009
0,A,58,N,0.046
0,A,59,P,0.051
0,A,60,S,0.032
0,A,61,N,0.187
0,A,62,A,0.145
0,A,63,I,0.763
0,A,64,Y,0.230
0,A,65,Y,0.174
0,A,66,G,0.146
0,A,67,N,0.829
0,A,68,R,0.488
0,A,69,S,0.008
0,A,70,L,0.650
0,A,71,A,0.125
0,A,72,Y,0.189
0,A,73,L,0.079
0,A,74,R,0.685
0,A,75,T,0.163
0,A,76,E,0.270
0,A,77,C,0.278
0,A,78,Y,0.296
0,A,79,G,0.299
0,A,80,Y,0.341
0,A,81,A,0.027
0,A,82,L,0.106
0,A,83,N,0.210
0,A,84,D,0.213
0,A,85,A,0.003
0,A,86,T,0.045
0,A,87,R,0.175
0,A,88,A,0.039
0,A,89,I,0.073
0,A,90,E,0.064
0,A,91,L,0.142
0,A,92,D,0.162
0,A,93,K,0.074
0,A,94,K,0.219
0,A,95,Y,0.613
0,A,96,I,0.152
0,A,97,K,0.775
0,A,98,G,0.048
0,A,99,Y,0.120
0,A,100,Y,0.384
0,A,101,R,0.733
0,A,102,R,0.103
0,A,103,A,0.001
0,A,104,A,0.060
0,A,105,S,0.007
0,A,106,N,0.060
0,A,107,M,0.252
0,A,108,A,0.211
0,A,109,L,0.381
0,A,110,G,0.507
0,A,111,K,0.451
0,A,112,F,0.426
0,A,113,R,0.219
0,A,114,A,0.058
0,A,115,A,0.010
0,A,116,L,0.093
0,A,117,R,0.053
0,A,118,D,0.043
0,A,119,Y,0.024
0,A,120,E,0.048
0,A,121,T,0.035
0,A,122,V,0.007
0,A,123,V,0.020
0,A,124,K,0.037
0,A,125,V,0.073
0,A,126,K,0.166
0,A,127,P,0.035
0,A,128,H,0.056
0,A,129,D,0.209
0,A,130,K,0.113
0,A,131,D,0.218
0,A,132,A,0.052
0,A,133,K,0.051
0,A,134,M,0.113
0,A,135,K,0.140
0,A,136,Y,0.046
0,A,137,Q,0.035
0,A,138,E,0.095
0,A,139,C,0.031
0,A,140,N,0.055
0,A,141,K,0.103
0,A,142,I,0.268
0,A,143,V,0.130
0,A,144,K,0.075
0,A,145,Q,0.250
0,A,146,K,0.476
0,A,147,A,0.093
0,B,1,M,0.072
0,B,2,E,0.024
0,B,3,E,0.049
0,B,4,V,0.010
0,B,5,D,0.006
1,A,17,T,0.055
1,A,18,D,0.058
1,A,19,P,0.041
1,A,20,P,0.048
1,A,21,A,0.028
1,A,22,D,0.020
1,A,23,G,0.004
1,A,24,A,0.020
1,A,25,L,0.032
1,A,26,K,0.009
1,A,27,R,0.004
1,A,28,A,0.042
1,A,29,E,0.461
1,A,30,E,0.008
1,A,31,L,0.008
1,A,32,K,0.818
1,A,33,T,0.145
1,A,34,Q,0.005
1,A,35,A,0.052
1,A,36,N,0.866
1,A,37,D,0.045
1,A,38,Y,0.123
1,A,39,F,0.891
1,A,40,K,0.541
1,A,41,A,0.022
1,A,42,K,0.348
1,A,43,D,0.049
1,A,44,Y,0.373
1,A,45,E,0.111
1,A,46,N,0.009
1,A,47,A,0.168
1,A,48,I,0.096
1,A,49,K,0.024
1,A,50,F,0.016
1,A,51,Y,0.574
1,A,52,S,0.048
1,A,53,Q,0.006
1,A,54,A,0.007
1,A,55,I,0.104
1,A,56,E,0.029
1,A,57,L,0.008
1,A,58,N,0.059
1,A,59,P,0.039
1,A,60,S,0.024
1,A,61,N,0.210
1,A,62,A,0.082
1,A,63,I,0.766
1,A,64,Y,0.303
1,A,65,Y,0.099
1,A,66,G,0.195
1,A,67,N,0.794
1,A,68,R,0.341
1,A,69,S,0.007
1,A,70,L,0.599
1,A,71,A,0.043
1,A,72,Y,0.206
1,A,73,L,0.068
1,A,74,R,0.592
1,A,75,T,0.205
1,A,76,E,0.330
1,A,77,C,0.334
1,A,78,Y,0.359
1,A,79,G,0.289
1,A,80,Y,0.358
1,A,81,A,0.029
1,A,82,L,0.088
1,A,83,N,0.188
1,A,84,D,0.172
1,A,85,A,0.004
1,A,86,T,0.021
1,A,87,R,0.076
1,A,88,A,0.089
1,A,89,I,0.032
1,A,90,E,0.027
1,A,91,L,0.076
1,A,92,D,0.312
1,A,93,K,0.062
1,A,94,K,0.147
1,A,95,Y,0.757
1,A,96,I,0.163
1,A,97,K,0.731
1,A,98,G,0.043
1,A,99,Y,0.054
1,A,100,Y,0.238
1,A,101,R,0.607
1,A,102,R,0.068
1,A,103,A,0.001
1,A,104,A,0.037
1,A,105,S,0.008
1,A,106,N,0.046
1,A,107,M,0.221
1,A,108,A,0.275
1,A,109,L,0.352
1,A,110,G,0.534
1,A,111,K,0.458
1,A,112,F,0.453
1,A,113,R,0.331
1,A,114,A,0.056
1,A,115,A,0.009
1,A,116,L,0.122
1,A,117,R,0.070
1,A,118,D,0.021
1,A,119,Y,0.025
1,A,120,E,0.056
1,A,121,T,0.020
1,A,122,V,0.005
1,A,123,V,0.017
1,A,124,K,0.031
1,A,125,V,0.054
1,A,126,K,0.162
1,A,127,P,0.029
1,A,128,H,0.038
1,A,129,D,0.225
1,A,130,K,0.131
1,A,131,D,0.220
1,A,132,A,0.020
1,A,133,K,0.044
1,A,134,M,0.090
1,A,135,K,0.200
1,A,136,Y,0.051
1,A,137,Q,0.038
1,A,138,E,0.114
1,A,139,C,0.038
1,A,140,N,0.044
1,A,141,K,0.108
1,A,142,I,0.303
1,A,143,V,0.122
1,A,144,K,0.081
1,A,145,Q,0.213
1,A,146,K,0.527
1,A,147,A,0.201
1,B,1,M,0.098
1,B,2,E,0.110
1,B,3,E,0.151
1,B,4,V,0.026
1,B,5,D,0.005
2,A,17,T,0.044
2,A,18,D,0.056
2,A,19,P,0.034
2,A,20,P,0.036
2,A,21,A,0.020
2,A,22,D,0.018
2,A,23,G,0.009
2,A,24,A,0.026
2,A,25,L,0.021
2,A,26,K,0.014
2,A,27,R,0.013
2,A,28,A,0.083
2,A,29,E,0.430
2,A,30,E,0.033
2,A,31,L,0.020
2,A,32,K,0.765
2,A,33,T,0.128
2,A,34,Q,0.011
2,A,35,A,0.102
2,A,36,N,0.811
2,A,37,D,0.032
2,A,38,Y,0.106
2,A,39,F,0.844
2,A,40,K,0.494
2,A,41,A,0.024
2,A,42,K,0.425
2,A,43,D,0.051
2,A,44,Y,0.452
2,A,45,E,0.079
2,A,46,N,0.009
2,A,47,A,0.247
2,A,48,I,0.099
2,A,49,K,0.020
2,A,50,F,0.030
2,A,51,Y,0.453
2,A,52,S,0.067
2,A,53,Q,0.011
2,A,54,A,0.021
2,A,55,I,0.156
2,A,56,E,0.032
2,A,57,L,0.014
2,A,58,N,0.034
2,A,59,P,0.033
2,A,60,S,0.019
2,A,61,N,0.183
2,A,62,A,0.086
2,A,63,I,0.725
2,A,64,Y,0.206
2,A,65,Y,0.131
2,A,66,G,0.244
2,A,67,N,0.602
2,A,68,R,0.314
2,A,69,S,0.010
2,A,70,L,0.639
2,A,71,A,0.092
2,A,72,Y,0.224
2,A,73,L,0.089
2,A,74,R,0.612
2,A,75,T,0.172
2,A,76,E,0.292
2,A,77,C,0.305
2,A,78,Y,0.351
2,A,79,G,0.308
2,A,80,Y,0.357
2,A,81,A,0.017
2,A,82,L,0.091
2,A,83,N,0.240
2,A,84,D,0.196
2,A,85,A,0.003
2,A,86,T,0.024
2,A,87,R,0.126
2,A,88,A,0.142
2,A,89,I,0.017
2,A,90,E,0.024
2,A,91,L,0.129
2,A,92,D,0.238
2,A,93,K,0.054
2,A,94,K,0.167
2,A,95,Y,0.484
2,A,96,I,0.125
2,A,97,K,0.723
2,A,98,G,0.042
2,A,99,Y,0.056
2,A,100,Y,0.214
2,A,101,R,0.658
2,A,102,R,0.037
2,A,103,A,0.000
2,A,104,A,0.049
2,A,105,S,0.004
2,A,106,N,0.020
2,A,107,M,0.177
2,A,108,A,0.230
2,A,109,L,0.368
2,A,110,G,0.413
2,A,111,K,0.451
2,A,112,F,0.371
2,A,113,R,0.164
2,A,114,A,0.033
2,A,115,A,0.006
2,A,116,L,0.061
2,A,117,R,0.038
2,A,118,D,0.015
2,A,119,Y,0.020
2,A,120,E,0.035
2,A,121,T,0.014
2,A,122,V,0.004
2,A,123,V,0.017
2,A,124,K,0.026
2,A,125,V,0.042
2,A,126,K,0.125
2,A,127,P,0.026
2,A,128,H,0.055
2,A,129,D,0.139
2,A,130,K,0.099
2,A,131,D,0.156
2,A,132,A,0.021
2,A,133,K,0.036
2,A,134,M,0.059
2,A,135,K,0.116
2,A,136,Y,0.039
2,A,137,Q,0.030
2,A,138,E,0.123
2,A,139,C,0.031
2,A,140,N,0.039
2,A,141,K,0.086
2,A,142,I,0.248
2,A,143,V,0.090
2,A,144,K,0.062
2,A,145,Q,0.170
2,A,146,K,0.396
2,A,147,A,0.112
2,B,1,M,0.033
2,B,2,E,0.039
2,B,3,E,0.030
2,B,4,V,0.004
2,B,5,D,0.003
3,A,17,T,0.030
3,A,18,D,0.048
3,A,19,P,0.033
3,A,20,P,0.041
3,A,21,A,0.026
3,A,22,D,0.016
3,A,23,G,0.005
3,A,24,A,0.019
3,A,25,L,0.025
3,A,26,K,0.007
3,A,27,R,0.005
3,A,28,A,0.088
3,A,29,E,0.422
3,A,30,E,0.017
3,A,31,L,0.018
3,A,32,K,0.823
3,A,33,T,0.187
3,A,34,Q,0.008
3,A,35,A,0.080
3,A,36,N,0.830
3,A,37,D,0.057
3,A,38,Y,0.119
3,A,39,F,0.833
3,A,40,K,0.441
3,A,41,A,0.019
3,A,42,K,0.336
3,A,43,D,0.056
3,A,44,Y,0.473
3,A,45,E,0.124
3,A,46,N,0.011
3,A,47,A,0.191
3,A,48,I,0.132
3,A,49,K,0.034
3,A,50,F,0.023
3,A,51,Y,0.642
3,A,52,S,0.057
3,A,53,Q,0.008
3,A,54,A,0.022
3,A,55,I,0.202
3,A,56,E,0.035
3,A,57,L,0.010
3,A,58,N,0.045
3,A,59,P,0.037
3,A,60,S,0.031
3,A,61,N,0.307
3,A,62,A,0.057
3,A,63,I,0.800
3,A,64,Y,0.337
3,A,65,Y,0.126
3,A,66,G,0.264
3,A,67,N,0.733
3,A,68,R,0.438
3,A,69,S,0.013
3,A,70,L,0.652
3,A,71,A,0.060
3,A,72,Y,0.304
3,A,73,L,0.164
3,A,74,R,0.686
3,A,75,T,0.261
3,A,76,E,0.433
3,A,77,C,0.421
3,A,78,Y,0.463
3,A,79,G,0.375
3,A,80,Y,0.476
3,A,81,A,0.020
3,A,82,L,0.141
3,A,83,N,0.218
3,A,84,D,0.262
3,A,85,A,0.004
3,A,86,T,0.035
3,A,87,R,0.164
3,A,88,A,0.163
3,A,89,I,0.038
3,A,90,E,0.033
3,A,91,L,0.146
3,A,92,D,0.365
3,A,93,K,0.076
3,A,94,K,0.148
3,A,95,Y,0.632
3,A,96,I,0.114
3,A,97,K,0.807
3,A,98,G,0.026
3,A,99,Y,0.047
3,A,100,Y,0.302
3,A,101,R,0.752
3,A,102,R,0.131
3,A,103,A,0.000
3,A,104,A,0.048
3,A,105,S,0.011
3,A,106,N,0.073
3,A,107,M,0.241
3,A,108,A,0.338
3,A,109,L,0.455
3,A,110,G,0.532
3,A,111,K,0.481
3,A,112,F,0.509
3,A,113,R,0.289
3,A,114,A,0.071
3,A,115,A,0.015
3,A,116,L,0.123
3,A,117,R,0.059
3,A,118,D,0.035
3,A,119,Y,0.009
3,A,120,E,0.049
3,A,121,T,0.020
3,A,122,V,0.004
3,A,123,V,0.021
3,A,124,K,0.027
3,A,125,V,0.032
3,A,126,K,0.121
3,A,127,P,0.027
3,A,128,H,0.033
3,A,129,D,0.147
3,A,130,K,0.098
3,A,131,D,0.176
3,A,132,A,0.018
3,A,133,K,0.036
3,A,134,M,0.076
3,A,135,K,0.103
3,A,136,Y,0.044
3,A,137,Q,0.039
3,A,138,E,0.068
3,A,139,C,0.040
3,A,140,N,0.046
3,A,141,K,0.124
3,A,142,I,0.323
3,A,143,V,0.147
3,A,144,K,0.072
3,A,145,Q,0.228
3,A,146,K,0.497
3,A,147,A,0.169
3,B,1,M,0.036
3,B,2,E,0.032
3,B,3,E,0.009
3,B,4,V,0.008
3,B,5,D,0.007
4,A,17,T,0.042
4,A,18,D,0.056
4,A,19,P,0.053
4,A,20,P,0.055
4,A,21,A,0.024
4,A,22,D,0.015
4,A,23,G,0.005
4,A,24,A,0.017
4,A,25,L,0.026
4,A,26,K,0.006
4,A,27,R,0.008
4,A,28,A,0.043
4,A,29,E,0.503
4,A,30,E,0.009
4,A,31,L,0.007
4,A,32,K,0.845
4,A,33,T,0.149
4,A,34,Q,0.006
4,A,35,A,0.125
4,A,36,N,0.872
4,A,37,D,0.071
4,A,38,Y,0.151
4,A,39,F,0.926
4,A,40,K,0.545
4,A,41,A,0.027
4,A,42,K,0.467
4,A,43,D,0.078
4,A,44,Y,0.661
4,A,45,E,0.131
4,A,46,N,0.010
4,A,47,A,0.331
4,A,48,I,0.170
4,A,49,K,0.034
4,A,50,F,0.030
4,A,51,Y,0.705
4,A,52,S,0.086
4,A,53,Q,0.007
4,A,54,A,0.012
4,A,55,I,0.203
4,A,56,E,0.037
4,A,57,L,0.010
4,A,58,N,0.050
4,A,59,P,0.048
4,A,60,S,0.023
4,A,61,N,0.184
4,A,62,A,0.099
4,A,63,I,0.731
4,A,64,Y,0.394
4,A,65,Y,0.171
4,A,66,G,0.170
4,A,67,N,0.851
4,A,68,R,0.444
4,A,69,S,0.015
4,A,70,L,0.751
4,A,71,A,0.098
4,A,72,Y,0.325
4,A,73,L,0.114
4,A,74,R,0.670
4,A,75,T,0.247
4,A,76,E,0.341
4,A,77,C,0.405
4,A,78,Y,0.322
4,A,79,G,0.289
4,A,80,Y,0.393
4,A,81,A,0.028
4,A,82,L,0.082
4,A,83,N,0.202
4,A,84,D,0.277
4,A,85,A,0.005
4,A,86,T,0.027
4,A,87,R,0.156
4,A,88,A,0.078
4,A,89,I,0.044
4,A,90,E,0.031
4,A,91,L,0.119
4,A,92,D,0.160
4,A,93,K,0.058
4,A,94,K,0.126
4,A,95,Y,0.515
4,A,96,I,0.160
4,A,97,K,0.789
4,A,98,G,0.026
4,A,99,Y,0.118
4,A,100,Y,0.383
4,A,101,R,0.846
4,A,102,R,0.138
4,A,103,A,0.002
4,A,104,A,0.076
4,A,105,S,0.009
4,A,106,N,0.050
4,A,107,M,0.194
4,A,108,A,0.257
4,A,109,L,0.355
4,A,110,G,0.546
4,A,111,K,0.440
4,A,112,F,0.525
4,A,113,R,0.339
4,A,114,A,0.076
4,A,115,A,0.011
4,A,116,L,0.098
4,A,117,R,0.088
4,A,118,D,0.051
4,A,119,Y,0.019
4,A,120,E,0.060
4,A,121,T,0.045
4,A,122,V,0.009
4,A,123,V,0.016
4,A,124,K,0.042
4,A,125,V,0.062
4,A,126,K,0.196
4,A,127,P,0.039
4,A,128,H,0.044
4,A,129,D,0.293
4,A,130,K,0.207
4,A,131,D,0.412
4,A,132,A,0.039
4,A,133,K,0.048
4,A,134,M,0.153
4,A,135,K,0.190
4,A,136,Y,0.047
4,A,137,Q,0.037
4,A,138,E,0.123
4,A,139,C,0.033
4,A,140,N,0.040
4,A,141,K,0.099
4,A,142,I,0.286
4,A,143,V,0.127
4,A,144,K,0.060
4,A,145,Q,0.209
4,A,146,K,0.494
4,A,147,A,0.176
4,B,1,M,0.031
4,B,2,E,0.018
4,B,3,E,0.032
4,B,4,V,0.011
4,B,5,D,0.009
5,A,17,T,0.053
5,A,18,D,0.062
5,A,19,P,0.042
5,A,20,P,0.039
5,A,21,A,0.028
5,A,22,D,0.014
5,A,23,G,0.005
5,A,24,A,0.022
5,A,25,L,0.023
5,A,26,K,0.007
5,A,27,R,0.005
5,A,28,A,0.042
5,A,29,E,0.341
5,A,30,E,0.008
5,A,31,L,0.010
5,A,32,K,0.792
5,A,33,T,0.089
5,A,34,Q,0.008
5,A,35,A,0.044
5,A,36,N,0.853
5,A,37,D,0.049
5,A,38,Y,0.152
5,A,39,F,0.882
5,A,40,K,0.500
5,A,41,A,0.030
5,A,42,K,0.457
5,A,43,D,0.076
5,A,44,Y,0.446
5,A,45,E,0.077
5,A,46,N,0.016
5,A,47,A,0.298
5,A,48,I,0.057
5,A,49,K,0.016
5,A,50,F,0.018
5,A,51,Y,0.437
5,A,52,S,0.039
5,A,53,Q,0.004
5,A,54,A,0.006
5,A,55,I,0.067
5,A,56,E,0.026
5,A,57,L,0.009
5,A,58,N,0.039
5,A,59,P,0.038
5,A,60,S,0.022
5,A,61,N,0.192
5,A,62,A,0.043
5,A,63,I,0.750
5,A,64,Y,0.203
5,A,65,Y,0.100
5,A,66,G,0.069
5,A,67,N,0.813
5,A,68,R,0.323
5,A,69,S,0.003
5,A,70,L,0.576
5,A,71,A,0.035
5,A,72,Y,0.168
5,A,73,L,0.039
5,A,74,R,0.606
5,A,75,T,0.152
5,A,76,E,0.235
5,A,77,C,0.212
5,A,78,Y,0.263
5,A,79,G,0.261
5,A,80,Y,0.324
5,A,81,A,0.030
5,A,82,L,0.083
5,A,83,N,0.196
5,A,84,D,0.168
5,A,85,A,0.004
5,A,86,T,0.014
5,A,87,R,0.136
5,A,88,A,0.054
5,A,89,I,0.007
5,A,90,E,0.015
5,A,91,L,0.060
5,A,92,D,0.193
5,A,93,K,0.028
5,A,94,K,0.107
5,A,95,Y,0.451
5,A,96,I,0.143
5,A,97,K,0.761
5,A,98,G,0.016
5,A,99,Y,0.024
5,A,100,Y,0.323
5,A,101,R,0.638
5,A,102,R,0.047
5,A,103,A,0.001
5,A,104,A,0.042
5,A,105,S,0.004
5,A,106,N,0.019
5,A,107,M,0.274
5,A,108,A,0.173
5,A,109,L,0.382
5,A,110,G,0.529
5,A,111,K,0.493
5,A,112,F,0.515
5,A,113,R,0.238
5,A,114,A,0.036
5,A,115,A,0.014
5,A,116,L,0.092
5,A,117,R,0.034
5,A,118,D,0.007
5,A,119,Y,0.088
5,A,120,E,0.031
5,A,121,T,0.010
5,A,122,V,0.006
5,A,123,V,0.021
5,A,124,K,0.020
5,A,125,V,0.022
5,A,126,K,0.173
5,A,127,P,0.025
5,A,128,H,0.039
5,A,129,D,0.203
5,A,130,K,0.188
5,A,131,D,0.424
5,A,132,A,0.032
5,A,133,K,0.048
5,A,134,M,0.170
5,A,135,K,0.235
5,A,136,Y,0.050
5,A,137,Q,0.033
5,A,138,E,0.145
5,A,139,C,0.042
5,A,140,N,0.031
5,A,141,K,0.113
5,A,142,I,0.338
5,A,143,V,0.085
5,A,144,K,0.048
5,A,145,Q,0.259
5,A,146,K,0.536
5,A,147,A,0.079
5,B,1,M,0.007
5,B,2,E,0.022
5,B,3,E,0.017
5,B,4,V,0.003
5,B,5,D,0.003
6,A,17,T,0.045
6,A,18,D,0.049
6,A,19,P,0.037
6,A,20,P,0.043
6,A,21,A,0.027
6,A,22,D,0.017
6,A,23,G,0.007
6,A,24,A,0.026
6,A,25,L,0.024
6,A,26,K,0.012
6,A,27,R,0.011
6,A,28,A,0.071
6,A,29,E,0.386
6,A,30,E,0.008
6,A,31,L,0.015
6,A,32,K,0.787
6,A,33,T,0.119
6,A,34,Q,0.007
6,A,35,A,0.211
6,A,36,N,0.868
6,A,37,D,0.036
6,A,38,Y,0.090
6,A,39,F,0.913
6,A,40,K,0.459
6,A,41,A,0.017
6,A,42,K,0.330
6,A,43,D,0.062
6,A,44,Y,0.572
6,A,45,E,0.211
6,A,46,N,0.012
6,A,47,A,0.129
6,A,48,I,0.232
6,A,49,K,0.045
6,A,50,F,0.012
6,A,51,Y,0.609
6,A,52,S,0.121
6,A,53,Q,0.005
6,A,54,A,0.007
6,A,55,I,0.103
6,A,56,E,0.037
6,A,57,L,0.012
6,A,58,N,0.041
6,A,59,P,0.033
6,A,60,S,0.018
6,A,61,N,0.215
6,A,62,A,0.102
6,A,63,I,0.748
6,A,64,Y,0.212
6,A,65,Y,0.156
6,A,66,G,0.247
6,A,67,N,0.777
6,A,68,R,0.429
6,A,69,S,0.015
6,A,70,L,0.433
6,A,71,A,0.076
6,A,72,Y,0.328
6,A,73,L,0.072
6,A,74,R,0.451
6,A,75,T,0.271
6,A,76,E,0.318
6,A,77,C,0.376
6,A,78,Y,0.290
6,A,79,G,0.298
6,A,80,Y,0.459
6,A,81,A,0.045
6,A,82,L,0.099
6,A,83,N,0.204
6,A,84,D,0.233
6,A,85,A,0.004
6,A,86,T,0.029
6,A,87,R,0.058
6,A,88,A,0.051
6,A,89,I,0.062
6,A,90,E,0.040
6,A,91,L,0.056
6,A,92,D,0.239
6,A,93,K,0.096
6,A,94,K,0.182
6,A,95,Y,0.854
6,A,96,I,0.180
6,A,97,K,0.698
6,A,98,G,0.051
6,A,99,Y,0.133
6,A,100,Y,0.199
6,A,101,R,0.585
6,A,102,R,0.100
6,A,103,A,0.001
6,A,104,A,0.030
6,A,105,S,0.009
6,A,106,N,0.035
6,A,107,M,0.237
6,A,108,A,0.166
6,A,109,L,0.394
6,A,110,G,0.558
6,A,111,K,0.483
6,A,112,F,0.436
6,A,113,R,0.185
6,A,114,A,0.044
6,A,115,A,0.021
6,A,116,L,0.072
6,A,117,R,0.042
6,A,118,D,0.043
6,A,119,Y,0.014
6,A,120,E,0.026
6,A,121,T,0.032
6,A,122,V,0.004
6,A,123,V,0.015
6,A,124,K,0.030
6,A,125,V,0.078
6,A,126,K,0.152
6,A,127,P,0.028
6,A,128,H,0.038
6,A,129,D,0.182
6,A,130,K,0.117
6,A,131,D,0.172
6,A,132,A,0.012
6,A,133,K,0.034
6,A,134,M,0.086
6,A,135,K,0.104
6,A,136,Y,0.029
6,A,137,Q,0.035
6,A,138,E,0.089
6,A,139,C,0.048
6,A,140,N,0.029
6,A,141,K,0.128
6,A,142,I,0.368
6,A,143,V,0.113
6,A,144,K,0.046
6,A,145,Q,0.276
6,A,146,K,0.578
6,A,147,A,0.112
6,B,1,M,0.131
6,B,2,E,0.082
6,B,3,E,0.046
6,B,4,V,0.031
6,B,5,D,0.049
7,A,17,T,0.046
7,A,18,D,0.057
7,A,19,P,0.054
7,A,20,P,0.049
7,A,21,A,0.018
7,A,22,D,0.022
7,A,23,G,0.006
7,A,24,A,0.024
7,A,25,L,0.033
7,A,26,K,0.011
7,A,27,R,0.009
7,A,28,A,0.073
7,A,29,E,0.321
7,A,30,E,0.010
7,A,31,L,0.015
7,A,32,K,0.796
7,A,33,T,0.152
7,A,34,Q,0.010
7,A,35,A,0.058
7,A,36,N,0.844
7,A,37,D,0.053
7,A,38,Y,0.127
7,A,39,F,0.896
7,A,40,K,0.525
7,A,41,A,0.018
7,A,42,K,0.295
7,A,43,D,0.064
7,A,44,Y,0.417
7,A,45,E,0.199
7,A,46,N,0.012
7,A,47,A,0.176
7,A,48,I,0.181
7,A,49,K,0.043
7,A,50,F,0.024
7,A,51,Y,0.513
7,A,52,S,0.081
7,A,53,Q,0.009
7,A,54,A,0.027
7,A,55,I,0.139
7,A,56,E,0.039
7,A,57,L,0.014
7,A,58,N,0.064
7,A,59,P,0.038
7,A,60,S,0.024
7,A,61,N,0.212
7,A,62,A,0.078
7,A,63,I,0.701
7,A,64,Y,0.307
7,A,65,Y,0.128
7,A,66,G,0.231
7,A,67,N,0.759
7,A,68,R,0.386
7,A,69,S,0.009
7,A,70,L,0.460
7,A,71,A,0.060
7,A,72,Y,0.291
7,A,73,L,0.066
7,A,74,R,0.636
7,A,75,T,0.257
7,A,76,E,0.367
7,A,77,C,0.404
7,A,78,Y,0.353
7,A,79,G,0.290
7,A,80,Y,0.379
7,A,81,A,0.028
7,A,82,L,0.118
7,A,83,N,0.228
7,A,84,D,0.192
7,A,85,A,0.004
7,A,86,T,0.020
7,A,87,R,0.093
7,A,88,A,0.119
7,A,89,I,0.031
7,A,90,E,0.030
7,A,91,L,0.076
7,A,92,D,0.194
7,A,93,K,0.054
7,A,94,K,0.148
7,A,95,Y,0.684
7,A,96,I,0.193
7,A,97,K,0.705
7,A,98,G,0.053
7,A,99,Y,0.094
7,A,100,Y,0.398
7,A,101,R,0.644
7,A,102,R,0.056
7,A,103,A,0.001
7,A,104,A,0.046
7,A,105,S,0.007
7,A,106,N,0.028
7,A,107,M,0.253
7,A,108,A,0.199
7,A,109,L,0.401
7,A,110,G,0.576
7,A,111,K,0.484
7,A,112,F,0.543
7,A,113,R,0.413
7,A,114,A,0.063
7,A,115,A,0.011
7,A,116,L,0.160
7,A,117,R,0.114
7,A,118,D,0.026
7,A,119,Y,0.033
7,A,120,E,0.073
7,A,121,T,0.022
7,A,122,V,0.006
7,A,123,V,0.015
7,A,124,K,0.037
7,A,125,V,0.062
7,A,126,K,0.182
7,A,127,P,0.028
7,A,128,H,0.031
7,A,129,D,0.235
7,A,130,K,0.130
7,A,131,D,0.299
7,A,132,A,0.041
7,A,133,K,0.034
7,A,134,M,0.125
7,A,135,K,0.227
7,A,136,Y,0.079
7,A,137,Q,0.037
7,A,138,E,0.138
7,A,139,C,0.042
7,A,140,N,0.061
7,A,141,K,0.129
7,A,142,I,0.341
7,A,143,V,0.185
7,A,144,K,0.092
7,A,145,Q,0.266
7,A,146,K,0.589
7,A,147,A,0.262
7,B,1,M,0.084
7,B,2,E,0.036
7,B,3,E,0.031
7,B,4,V,0.010
7,B,5,D,0.014
8,A,17,T,0.035
8,A,18,D,0.047
8,A,19,P,0.033
8,A,20,P,0.035
8,A,21,A,0.025
8,A,22,D,0.013
8,A,23,G,0.010
8,A,24,A,0.020
8,A,25,L,0.014
8,A,26,K,0.009
8,A,27,R,0.011
8,A,28,A,0.057
8,A,29,E,0.351
8,A,30,E,0.021
8,A,31,L,0.012
8,A,32,K,0.718
8,A,33,T,0.072
8,A,34,Q,0.009
8,A,35,A,0.094
8,A,36,N,0.793
8,A,37,D,0.030
8,A,38,Y,0.088
8,A,39,F,0.880
8,A,40,K,0.402
8,A,41,A,0.017
8,A,42,K,0.362
8,A,43,D,0.057
8,A,44,Y,0.415
8,A,45,E,0.158
8,A,46,N,0.007
8,A,47,A,0.214
8,A,48,I,0.119
8,A,49,K,0.025
8,A,50,F,0.025
8,A,51,Y,0.456
8,A,52,S,0.074
8,A,53,Q,0.009
8,A,54,A,0.019
8,A,55,I,0.171
8,A,56,E,0.032
8,A,57,L,0.009
8,A,58,N,0.030
8,A,59,P,0.029
8,A,60,S,0.017
8,A,61,N,0.158
8,A,62,A,0.110
8,A,63,I,0.630
8,A,64,Y,0.188
8,A,65,Y,0.149
8,A,66,G,0.157
8,A,67,N,0.532
8,A,68,R,0.371
8,A,69,S,0.003
8,A,70,L,0.605
8,A,71,A,0.061
8,A,72,Y,0.220
8,A,73,L,0.056
8,A,74,R,0.633
8,A,75,T,0.206
8,A,76,E,0.302
8,A,77,C,0.328
8,A,78,Y,0.275
8,A,79,G,0.287
8,A,80,Y,0.407
8,A,81,A,0.042
8,A,82,L,0.085
8,A,83,N,0.224
8,A,84,D,0.226
8,A,85,A,0.007
8,A,86,T,0.027
8,A,87,R,0.150
8,A,88,A,0.088
8,A,89,I,0.021
8,A,90,E,0.034
8,A,91,L,0.134
8,A,92,D,0.236
8,A,93,K,0.050
8,A,94,K,0.128
8,A,95,Y,0.814
8,A,96,I,0.121
8,A,97,K,0.730
8,A,98,G,0.039
8,A,99,Y,0.052
8,A,100,Y,0.217
8,A,101,R,0.531
8,A,102,R,0.064
8,A,103,A,0.001
8,A,104,A,0.041
8,A,105,S,0.005
8,A,106,N,0.037
8,A,107,M,0.217
8,A,108,A,0.199
8,A,109,L,0.380
8,A,110,G,0.525
8,A,111,K,0.478
8,A,112,F,0.521
8,A,113,R,0.490
8,A,114,A,0.078
8,A,115,A,0.010
8,A,116,L,0.151
8,A,117,R,0.085
8,A,118,D,0.025
8,A,119,Y,0.026
8,A,120,E,0.067
8,A,121,T,0.022
8,A,122,V,0.004
8,A,123,V,0.021
8,A,124,K,0.036
8,A,125,V,0.033
8,A,126,K,0.149
8,A,127,P,0.025
8,A,128,H,0.055
8,A,129,D,0.177
8,A,130,K,0.120
8,A,131,D,0.288
8,A,132,A,0.014
8,A,133,K,0.046
8,A,134,M,0.110
8,A,135,K,0.197
8,A,136,Y,0.068
8,A,137,Q,0.040
8,A,138,E,0.118
8,A,139,C,0.031
8,A,140,N,0.061
8,A,141,K,0.112
8,A,142,I,0.283
8,A,143,V,0.181
8,A,144,K,0.093
8,A,145,Q,0.228
8,A,146,K,0.435
8,A,147,A,0.207
8,B,1,M,0.005
8,B,2,E,0.008
8,B,3,E,0.006
8,B,4,V,0.005
8,B,5,D,0.008
9,A,17,T,0.046
9,A,18,D,0.050
9,A,19,P,0.045
9,A,20,P,0.045
9,A,21,A,0.017
9,A,22,D,0.016
9,A,23,G,0.004
9,A,24,A,0.017
9,A,25,L,0.027
9,A,26,K,0.012
9,A,27,R,0.007
9,A,28,A,0.064
9,A,29,E,0.383
9,A,30,E,0.005
9,A,31,L,0.005
9,A,32,K,0.800
9,A,33,T,0.141
9,A,34,Q,0.007
9,A,35,A,0.086
9,A,36,N,0.873
9,A,37,D,0.060
9,A,38,Y,0.150
9,A,39,F,0.901
9,A,40,K,0.579
9,A,41,A,0.019
9,A,42,K,0.404
9,A,43,D,0.090
9,A,44,Y,0.526
9,A,45,E,0.179
9,A,46,N,0.016
9,A,47,A,0.443
9,A,48,I,0.176
9,A,49,K,0.029
9,A,50,F,0.031
9,A,51,Y,0.589
9,A,52,S,0.066
9,A,53,Q,0.006
9,A,54,A,0.010
9,A,55,I,0.125
9,A,56,E,0.029
9,A,57,L,0.010
9,A,58,N,0.058
9,A,59,P,0.036
9,A,60,S,0.023
9,A,61,N,0.187
9,A,62,A,0.077
9,A,63,I,0.703
9,A,64,Y,0.265
9,A,65,Y,0.125
9,A,66,G,0.238
9,A,67,N,0.780
9,A,68,R,0.334
9,A,69,S,0.009
9,A,70,L,0.546
9,A,71,A,0.080
9,A,72,Y,0.242
9,A,73,L,0.057
9,A,74,R,0.620
9,A,75,T,0.256
9,A,76,E,0.341
9,A,77,C,0.368
9,A,78,Y,0.309
9,A,79,G,0.261
9,A,80,Y,0.332
9,A,81,A,0.017
9,A,82,L,0.075
9,A,83,N,0.202
9,A,84,D,0.220
9,A,85,A,0.003
9,A,86,T,0.021
9,A,87,R,0.099
9,A,88,A,0.137
9,A,89,I,0.041
9,A,90,E,0.031
9,A,91,L,0.085
9,A,92,D,0.205
9,A,93,K,0.056
9,A,94,K,0.171
9,A,95,Y,0.633
9,A,96,I,0.176
9,A,97,K,0.704
9,A,98,G,0.050
9,A,99,Y,0.114
9,A,100,Y,0.421
9,A,101,R,0.617
9,A,102,R,0.067
9,A,103,A,0.002
9,A,104,A,0.051
9,A,105,S,0.006
9,A,106,N,0.042
9,A,107,M,0.209
9,A,108,A,0.238
9,A,109,L,0.322
9,A,110,G,0.507
9,A,111,K,0.440
9,A,112,F,0.514
9,A,113,R,0.449
9,A,114,A,0.074
9,A,115,A,0.020
9,A,116,L,0.141
9,A,117,R,0.108
9,A,118,D,0.051
9,A,119,Y,0.036
9,A,120,E,0.053
9,A,121,T,0.028
9,A,122,V,0.009
9,A,123,V,0.013
9,A,124,K,0.039
9,A,125,V,0.069
9,A,126,K,0.182
9,A,127,P,0.031
9,A,128,H,0.035
9,A,129,D,0.262
9,A,130,K,0.151
9,A,131,D,0.325
9,A,132,A,0.064
9,A,133,K,0.042
9,A,134,M,0.149
9,A,135,K,0.225
9,A,136,Y,0.077
9,A,137,Q,0.034
9,A,138,E,0.147
9,A,139,C,0.039
9,A,140,N,0.058
9,A,141,K,0.099
9,A,142,I,0.302
9,A,143,V,0.160
9,A,144,K,0.076
9,A,145,Q,0.226
9,A,146,K,0.535
9,A,147,A,0.212
9,B,1,M,0.065
9,B,2,E,0.050
9,B,3,E,0.022
9,B,4,V,0.008
9,B,5,D,0.016
10,A,17,T,0.046
10,A,18,D,0.045
10,A,19,P,0.039
10,A,20,P,0.042
10,A,21,A,0.022
10,A,22,D,0.012
10,A,23,G,0.008
10,A,24,A,0.022
10,A,25,L,0.021
10,A,26,K,0.007
10,A,27,R,0.008
10,A,28,A,0.050
10,A,29,E,0.333
10,A,30,E,0.021
10,A,31,L,0.020
10,A,32,K,0.775
10,A,33,T,0.097
10,A,34,Q,0.009
10,A,35,A,0.105
10,A,36,N,0.847
10,A,37,D,0.037
10,A,38,Y,0.175
10,A,39,F,0.849
10,A,40,K,0.503
10,A,41,A,0.026
10,A,42,K,0.505
10,A,43,D,0.068
10,A,44,Y,0.534
10,A,45,E,0.150
10,A,46,N,0.011
10,A,47,A,0.326
10,A,48,I,0.234
10,A,49,K,0.033
10,A,50,F,0.022
10,A,51,Y,0.603
10,A,52,S,0.088
10,A,53,Q,0.007
10,A,54,A,0.015
10,A,55,I,0.179
10,A,56,E,0.037
10,A,57,L,0.012
10,A,58,N,0.052
10,A,59,P,0.042
10,A,60,S,0.036
10,A,61,N,0.122
10,A,62,A,0.114
10,A,63,I,0.695
10,A,64,Y,0.161
10,A,65,Y,0.140
10,A,66,G,0.195
10,A,67,N,0.735
10,A,68,R,0.434
10,A,69,S,0.006
10,A,70,L,0.637
10,A,71,A,0.088
10,A,72,Y,0.285
10,A,73,L,0.109
10,A,74,R,0.659
10,A,75,T,0.238
10,A,76,E,0.344
10,A,77,C,0.352
10,A,78,Y,0.273
10,A,79,G,0.271
10,A,80,Y,0.362
10,A,81,A,0.074
10,A,82,L,0.080
10,A,83,N,0.199
10,A,84,D,0.231
10,A,85,A,0.008
10,A,86,T,0.027
10,A,87,R,0.127
10,A,88,A,0.131
10,A,89,I,0.049
10,A,90,E,0.043
10,A,91,L,0.126
10,A,92,D,0.304
10,A,93,K,0.052
10,A,94,K,0.159
10,A,95,Y,0.442
10,A,96,I,0.139
10,A,97,K,0.728
10,A,98,G,0.054
10,A,99,Y,0.056
10,A,100,Y,0.254
10,A,101,R,0.663
10,A,102,R,0.101
10,A,103,A,0.001
10,A,104,A,0.053
10,A,105,S,0.009
10,A,106,N,0.034
10,A,107,M,0.203
10,A,108,A,0.182
10,A,109,L,0.314
10,A,110,G,0.397
10,A,111,K,0.389
10,A,112,F,0.386
10,A,113,R,0.238
10,A,114,A,0.071
10,A,115,A,0.013
10,A,116,L,0.114
10,A,117,R,0.090
10,A,118,D,0.021
10,A,119,Y,0.029
10,A,120,E,0.062
10,A,121,T,0.034
10,A,122,V,0.006
10,A,123,V,0.017
10,A,124,K,0.034
10,A,125,V,0.048
10,A,126,K,0.154
10,A,127,P,0.028
10,A,128,H,0.036
10,A,129,D,0.151
10,A,130,K,0.171
10,A,131,D,0.304
10,A,132,A,0.017
10,A,133,K,0.044
10,A,134,M,0.101
10,A,135,K,0.154
10,A,136,Y,0.051
10,A,137,Q,0.038
10,A,138,E,0.110
10,A,139,C,0.029
10,A,140,N,0.040
10,A,141,K,0.105
10,A,142,I,0.269
10,A,143,V,0.115
10,A,144,K,0.059
10,A,145,Q,0.183
10,A,146,K,0.415
10,A,147,A,0.142
10,B,1,M,0.029
10,B,2,E,0.017
10,B,3,E,0.013
10,B,4,V,0.005
10,B,5,D,0.005
11,A,17,T,0.035
11,A,18,D,0.041
11,A,19,P,0.029
11,A,20,P,0.031
11,A,21,A,0.022
11,A,22,D,0.013
11,A,23,G,0.005
11,A,24,A,0.014
11,A,25,L,0.025
11,A,26,K,0.008
11,A,27,R,0.004
11,A,28,A,0.032
11,A,29,E,0.353
11,A,30,E,0.022
11,A,31,L,0.010
11,A,32,K,0.753
11,A,33,T,0.100
11,A,34,Q,0.007
11,A,35,A,0.082
11,A,36,N,0.841
11,A,37,D,0.036
11,A,38,Y,0.141
11,A,39,F,0.864
11,A,40,K,0.486
11,A,41,A,0.017
11,A,42,K,0.379
11,A,43,D,0.043
11,A,44,Y,0.403
11,A,45,E,0.101
11,A,46,N,0.009
11,A,47,A,0.181
11,A,48,I,0.102
11,A,49,K,0.023
11,A,50,F,0.018
11,A,51,Y,0.445
11,A,52,S,0.054
11,A,53,Q,0.006
11,A,54,A,0.013
11,A,55,I,0.147
11,A,56,E,0.030
11,A,57,L,0.005
11,A,58,N,0.029
11,A,59,P,0.034
11,A,60,S,0.026
11,A,61,N,0.247
11,A,62,A,0.031
11,A,63,I,0.615
11,A,64,Y,0.182
11,A,65,Y,0.125
11,A,66,G,0.089
11,A,67,N,0.682
11,A,68,R,0.449
11,A,69,S,0.007
11,A,70,L,0.593
11,A,71,A,0.085
11,A,72,Y,0.246
11,A,73,L,0.053
11,A,74,R,0.620
11,A,75,T,0.193
11,A,76,E,0.313
11,A,77,C,0.336
11,A,78,Y,0.245
11,A,79,G,0.296
11,A,80,Y,0.377
11,A,81,A,0.046
11,A,82,L,0.086
11,A,83,N,0.203
11,A,84,D,0.214
11,A,85,A,0.003
11,A,86,T,0.044
11,A,87,R,0.135
11,A,88,A,0.041
11,A,89,I,0.042
11,A,90,E,0.029
11,A,91,L,0.076
11,A,92,D,0.102
11,A,93,K,0.039
11,A,94,K,0.100
11,A,95,Y,0.288
11,A,96,I,0.085
11,A,97,K,0.478
11,A,98,G,0.025
11,A,99,Y,0.105
11,A,100,Y,0.097
11,A,101,R,0.452
11,A,102,R,0.074
11,A,103,A,0.001
11,A,104,A,0.025
11,A,105,S,0.007
11,A,106,N,0.088
11,A,107,M,0.160
11,A,108,A,0.159
11,A,109,L,0.320
11,A,110,G,0.448
11,A,111,K,0.436
11,A,112,F,0.382
11,A,113,R,0.190
11,A,114,A,0.094
11,A,115,A,0.010
11,A,116,L,0.075
11,A,117,R,0.091
11,A,118,D,0.076
11,A,119,Y,0.026
11,A,120,E,0.041
11,A,121,T,0.058
11,A,122,V,0.003
11,A,123,V,0.014
11,A,124,K,0.033
11,A,125,V,0.059
11,A,126,K,0.081
11,A,127,P,0.029
11,A,128,H,0.038
11,A,129,D,0.081
11,A,130,K,0.074
11,A,131,D,0.098
11,A,132,A,0.014
11,A,133,K,0.033
11,A,134,M,0.050
11,A,135,K,0.062
11,A,136,Y,0.036
11,A,137,Q,0.031
11,A,138,E,0.074
11,A,139,C,0.046
11,A,140,N,0.029
11,A,141,K,0.081
11,A,142,I,0.227
11,A,143,V,0.106
11,A,144,K,0.047
11,A,145,Q,0.176
11,A,146,K,0.392
11,A,147,A,0.069
11,B,1,M,0.026
11,B,2,E,0.011
11,B,3,E,0.014
11,B,4,V,0.010
11,B,5,D,0.013
12,A,17,T,0.038
12,A,18,D,0.048
12,A,19,P,0.043
12,A,20,P,0.048
12,A,21,A,0.026
12,A,22,D,0.013
12,A,23,G,0.005
12,A,24,A,0.021
12,A,25,L,0.024
12,A,26,K,0.009
12,A,27,R,0.006
12,A,28,A,0.034
12,A,29,E,0.398
12,A,30,E,0.007
12,A,31,L,0.005
12,A,32,K,0.776
12,A,33,T,0.091
12,A,34,Q,0.006
12,A,35,A,0.029
12,A,36,N,0.853
12,A,37,D,0.091
12,A,38,Y,0.162
12,A,39,F,0.937
12,A,40,K,0.628
12,A,41,A,0.026
12,A,42,K,0.499
12,A,43,D,0.100
12,A,44,Y,0.663
12,A,45,E,0.166
12,A,46,N,0.011
12,A,47,A,0.281
12,A,48,I,0.154
12,A,49,K,0.025
12,A,50,F,0.025
12,A,51,Y,0.578
12,A,52,S,0.071
12,A,53,Q,0.005
12,A,54,A,0.008
12,A,55,I,0.074
12,A,56,E,0.025
12,A,57,L,0.007
12,A,58,N,0.040
12,A,59,P,0.040
12,A,60,S,0.028
12,A,61,N,0.140
12,A,62,A,0.169
12,A,63,I,0.813
12,A,64,Y,0.316
12,A,65,Y,0.180
12,A,66,G,0.372
12,A,67,N,0.894
12,A,68,R,0.483
12,A,69,S,0.004
12,A,70,L,0.727
12,A,71,A,0.088
12,A,72,Y,0.270
12,A,73,L,0.089
12,A,74,R,0.785
12,A,75,T,0.265
12,A,76,E,0.275
12,A,77,C,0.369
12,A,78,Y,0.301
12,A,79,G,0.241
12,A,80,Y,0.401
12,A,81,A,0.014
12,A,82,L,0.079
12,A,83,N,0.200
12,A,84,D,0.244
12,A,85,A,0.004
12,A,86,T,0.028
12,A,87,R,0.158
12,A,88,A,0.075
12,A,89,I,0.061
12,A,90,E,0.023
12,A,91,L,0.106
12,A,92,D,0.139
12,A,93,K,0.065
12,A,94,K,0.218
12,A,95,Y,0.574
12,A,96,I,0.122
12,A,97,K,0.735
12,A,98,G,0.072
12,A,99,Y,0.200
12,A,100,Y,0.402
12,A,101,R,0.769
12,A,102,R,0.178
12,A,103,A,0.001
12,A,104,A,0.066
12,A,105,S,0.007
12,A,106,N,0.058
12,A,107,M,0.209
12,A,108,A,0.224
12,A,109,L,0.332
12,A,110,G,0.497
12,A,111,K,0.471
12,A,112,F,0.423
12,A,113,R,0.334
12,A,114,A,0.078
12,A,115,A,0.020
12,A,116,L,0.066
12,A,117,R,0.120
12,A,118,D,0.069
12,A,119,Y,0.020
12,A,120,E,0.039
12,A,121,T,0.055
12,A,122,V,0.004
12,A,123,V,0.011
12,A,124,K,0.029
12,A,125,V,0.065
12,A,126,K,0.168
12,A,127,P,0.026
12,A,128,H,0.072
12,A,129,D,0.222
12,A,130,K,0.125
12,A,131,D,0.188
12,A,132,A,0.031
12,A,133,K,0.029
12,A,134,M,0.092
12,A,135,K,0.134
12,A,136,Y,0.036
12,A,137,Q,0.030
12,A,138,E,0.155
12,A,139,C,0.056
12,A,140,N,0.034
12,A,141,K,0.083
12,A,142,I,0.252
12,A,143,V,0.126
12,A,144,K,0.052
12,A,145,Q,0.184
12,A,146,K,0.463
12,A,147,A,0.179
12,B,1,M,0.092
12,B,2,E,0.089
12,B,3,E,0.020
12,B,4,V,0.012
12,B,5,D,0.014
13,A,17,T,0.041
13,A,18,D,0.058
13,A,19,P,0.045
13,A,20,P,0.043
13,A,21,A,0.024
13,A,22,D,0.016
13,A,23,G,0.005
13,A,24,A,0.023
13,A,25,L,0.028
13,A,26,K,0.009
13,A,27,R,0.009
13,A,28,A,0.041
13,A,29,E,0.374
13,A,30,E,0.018
13,A,31,L,0.016
13,A,32,K,0.842
13,A,33,T,0.095
13,A,34,Q,0.007
13,A,35,A,0.283
13,A,36,N,0.879
13,A,37,D,0.054
13,A,38,Y,0.158
13,A,39,F,0.885
13,A,40,K,0.474
13,A,41,A,0.022
13,A,42,K,0.472
13,A,43,D,0.059
13,A,44,Y,0.617
13,A,45,E,0.157
13,A,46,N,0.016
13,A,47,A,0.149
13,A,48,I,0.253
13,A,49,K,0.078
13,A,50,F,0.016
13,A,51,Y,0.600
13,A,52,S,0.207
13,A,53,Q,0.007
13,A,54,A,0.012
13,A,55,I,0.257
13,A,56,E,0.056
13,A,57,L,0.011
13,A,58,N,0.046
13,A,59,P,0.052
13,A,60,S,0.037
13,A,61,N,0.143
13,A,62,A,0.079
13,A,63,I,0.754
13,A,64,Y,0.308
13,A,65,Y,0.234
13,A,66,G,0.104
13,A,67,N,0.816
13,A,68,R,0.465
13,A,69,S,0.005
13,A,70,L,0.674
13,A,71,A,0.032
13,A,72,Y,0.427
13,A,73,L,0.105
13,A,74,R,0.539
13,A,75,T,0.375
13,A,76,E,0.443
13,A,77,C,0.494
13,A,78,Y,0.380
13,A,79,G,0.322
13,A,80,Y,0.478
13,A,81,A,0.090
13,A,82,L,0.128
13,A,83,N,0.269
13,A,84,D,0.398
13,A,85,A,0.003
13,A,86,T,0.031
13,A,87,R,0.267
13,A,88,A,0.118
13,A,89,I,0.038
13,A,90,E,0.038
13,A,91,L,0.122
13,A,92,D,0.158
13,A,93,K,0.066
13,A,94,K,0.261
13,A,95,Y,0.698
13,A,96,I,0.231
13,A,97,K,0.772
13,A,98,G,0.027
13,A,99,Y,0.086
13,A,100,Y,0.307
13,A,101,R,0.579
13,A,102,R,0.106
13,A,103,A,0.001
13,A,104,A,0.041
13,A,105,S,0.022
13,A,106,N,0.041
13,A,107,M,0.240
13,A,108,A,0.195
13,A,109,L,0.410
13,A,110,G,0.449
13,A,111,K,0.436
13,A,112,F,0.428
13,A,113,R,0.316
13,A,114,A,0.067
13,A,115,A,0.005
13,A,116,L,0.087
13,A,117,R,0.094
13,A,118,D,0.023
13,A,119,Y,0.018
13,A,120,E,0.068
13,A,121,T,0.033
13,A,122,V,0.005
13,A,123,V,0.024
13,A,124,K,0.037
13,A,125,V,0.053
13,A,126,K,0.204
13,A,127,P,0.034
13,A,128,H,0.048
13,A,129,D,0.222
13,A,130,K,0.170
13,A,131,D,0.244
13,A,132,A,0.027
13,A,133,K,0.049
13,A,134,M,0.106
13,A,135,K,0.136
13,A,136,Y,0.055
13,A,137,Q,0.041
13,A,138,E,0.107
13,A,139,C,0.033
13,A,140,N,0.055
13,A,141,K,0.113
13,A,142,I,0.265
13,A,143,V,0.072
13,A,144,K,0.094
13,A,145,Q,0.251
13,A,146,K,0.487
13,A,147,A,0.144
13,B,1,M,0.074
13,B,2,E,0.108
13,B,3,E,0.102
13,B,4,V,0.019
13,B,5,D,0.013
14,A,17,T,0.069
14,A,18,D,0.065
14,A,19,P,0.043
14,A,20,P,0.049
14,A,21,A,0.030
14,A,22,D,0.014
14,A,23,G,0.007
14,A,24,A,0.024
14,A,25,L,0.025
14,A,26,K,0.007
14,A,27,R,0.008
14,A,28,A,0.053
14,A,29,E,0.483
14,A,30,E,0.019
14,A,31,L,0.011
14,A,32,K,0.802
14,A,33,T,0.085
14,A,34,Q,0.007
14,A,35,A,0.119
14,A,36,N,0.871
14,A,37,D,0.040
14,A,38,Y,0.150
14,A,39,F,0.886
14,A,40,K,0.525
14,A,41,A,0.023
14,A,42,K,0.428
14,A,43,D,0.048
14,A,44,Y,0.446
14,A,45,E,0.078
14,A,46,N,0.007
14,A,47,A,0.181
14,A,48,I,0.125
14,A,49,K,0.023
14,A,50,F,0.014
14,A,51,Y,0.538
14,A,52,S,0.085
14,A,53,Q,0.009
14,A,54,A,0.021
14,A,55,I,0.231
14,A,56,E,0.045
14,A,57,L,0.012
14,A,58,N,0.048
14,A,59,P,0.060
14,A,60,S,0.045
14,A,61,N,0.210
14,A,62,A,0.100
14,A,63,I,0.790
14,A,64,Y,0.338
14,A,65,Y,0.178
14,A,66,G,0.274
14,A,67,N,0.747
14,A,68,R,0.428
14,A,69,S,0.005
14,A,70,L,0.662
14,A,71,A,0.102
14,A,72,Y,0.281
14,A,73,L,0.098
14,A,74,R,0.511
14,A,75,T,0.158
14,A,76,E,0.170
14,A,77,C,0.282
14,A,78,Y,0.202
14,A,79,G,0.241
14,A,80,Y,0.352
14,A,81,A,0.013
14,A,82,L,0.070
14,A,83,N,0.204
14,A,84,D,0.236
14,A,85,A,0.004
14,A,86,T,0.017
14,A,87,R,0.186
14,A,88,A,0.047
14,A,89,I,0.024
14,A,90,E,0.022
14,A,91,L,0.214
14,A,92,D,0.325
14,A,93,K,0.039
14,A,94,K,0.130
14,A,95,Y,0.820
14,A,96,I,0.185
14,A,97,K,0.847
14,A,98,G,0.023
14,A,99,Y,0.050
14,A,100,Y,0.262
14,A,101,R,0.473
14,A,102,R,0.026
14,A,103,A,0.001
14,A,104,A,0.057
14,A,105,S,0.008
14,A,106,N,0.016
14,A,107,M,0.203
14,A,108,A,0.155
14,A,109,L,0.275
14,A,110,G,0.477
14,A,111,K,0.393
14,A,112,F,0.488
14,A,113,R,0.346
14,A,114,A,0.033
14,A,115,A,0.010
14,A,116,L,0.071
14,A,117,R,0.037
14,A,118,D,0.019
14,A,119,Y,0.027
14,A,120,E,0.034
14,A,121,T,0.012
14,A,122,V,0.004
14,A,123,V,0.012
14,A,124,K,0.020
14,A,125,V,0.032
14,A,126,K,0.126
14,A,127,P,0.024
14,A,128,H,0.067
14,A,129,D,0.168
14,A,130,K,0.136
14,A,131,D,0.263
14,A,132,A,0.016
14,A,133,K,0.035
14,A,134,M,0.131
14,A,135,K,0.158
14,A,136,Y,0.029
14,A,137,Q,0.026
14,A,138,E,0.147
14,A,139,C,0.019
14,A,140,N,0.022
14,A,141,K,0.094
14,A,142,I,0.307
14,A,143,V,0.062
14,A,144,K,0.037
14,A,145,Q,0.173
14,A,146,K,0.433
14,A,147,A,0.037
14,B,1,M,0.024
14,B,2,E,0.006
14,B,3,E,0.018
14,B,4,V,0.004
14,B,5,D,0.008
15,A,17,T,0.040
15,A,18,D,0.043
15,A,19,P,0.034
15,A,20,P,0.037
15,A,21,A,0.021
15,A,22,D,0.011
15,A,23,G,0.008
15,A,24,A,0.017
15,A,25,L,0.017
15,A,26,K,0.008
15,A,27,R,0.007
15,A,28,A,0.056
15,A,29,E,0.469
15,A,30,E,0.013
15,A,31,L,0.012
15,A,32,K,0.823
15,A,33,T,0.153
15,A,34,Q,0.008
15,A,35,A,0.085
15,A,36,N,0.877
15,A,37,D,0.045
15,A,38,Y,0.093
15,A,39,F,0.896
15,A,40,K,0.612
15,A,41,A,0.015
15,A,42,K,0.312
15,A,43,D,0.046
15,A,44,Y,0.451
15,A,45,E,0.131
15,A,46,N,0.010
15,A,47,A,0.193
15,A,48,I,0.176
15,A,49,K,0.030
15,A,50,F,0.020
15,A,51,Y,0.568
15,A,52,S,0.102
15,A,53,Q,0.007
15,A,54,A,0.007
15,A,55,I,0.247
15,A,56,E,0.036
15,A,57,L,0.011
15,A,58,N,0.043
15,A,59,P,0.043
15,A,60,S,0.029
15,A,61,N,0.154
15,A,62,A,0.088
15,A,63,I,0.705
15,A,64,Y,0.269
15,A,65,Y,0.206
15,A,66,G,0.376
15,A,67,N,0.701
15,A,68,R,0.445
15,A,69,S,0.017
15,A,70,L,0.632
15,A,71,A,0.068
15,A,72,Y,0.380
15,A,73,L,0.144
15,A,74,R,0.658
15,A,75,T,0.235
15,A,76,E,0.285
15,A,77,C,0.379
15,A,78,Y,0.269
15,A,79,G,0.290
15,A,80,Y,0.367
15,A,81,A,0.047
15,A,82,L,0.091
15,A,83,N,0.197
15,A,84,D,0.237
15,A,85,A,0.005
15,A,86,T,0.024
15,A,87,R,0.196
15,A,88,A,0.141
15,A,89,I,0.034
15,A,90,E,0.042
15,A,91,L,0.193
15,A,92,D,0.179
15,A,93,K,0.056
15,A,94,K,0.204
15,A,95,Y,0.395
15,A,96,I,0.216
15,A,97,K,0.772
15,A,98,G,0.060
15,A,99,Y,0.091
15,A,100,Y,0.416
15,A,101,R,0.747
15,A,102,R,0.045
15,A,103,A,0.001
15,A,104,A,0.093
15,A,105,S,0.006
15,A,106,N,0.014
15,A,107,M,0.218
15,A,108,A,0.240
15,A,109,L,0.332
15,A,110,G,0.472
15,A,111,K,0.418
15,A,112,F,0.430
15,A,113,R,0.233
15,A,114,A,0.038
15,A,115,A,0.012
15,A,116,L,0.101
15,A,117,R,0.047
15,A,118,D,0.055
15,A,119,Y,0.039
15,A,120,E,0.050
15,A,121,T,0.016
15,A,122,V,0.005
15,A,123,V,0.020
15,A,124,K,0.030
15,A,125,V,0.051
15,A,126,K,0.192
15,A,127,P,0.033
15,A,128,H,0.043
15,A,129,D,0.316
15,A,130,K,0.179
15,A,131,D,0.422
15,A,132,A,0.023
15,A,133,K,0.045
15,A,134,M,0.152
15,A,135,K,0.290
15,A,136,Y,0.051
15,A,137,Q,0.039
15,A,138,E,0.151
15,A,139,C,0.029
15,A,140,N,0.044
15,A,141,K,0.107
15,A,142,I,0.278
15,A,143,V,0.121
15,A,144,K,0.074
15,A,145,Q,0.208
15,A,146,K,0.357
15,A,147,A,0.138
15,B,1,M,0.086
15,B,2,E,0.050
15,B,3,E,0.031
15,B,4,V,0.017
15,B,5,D,0.026
16,A,17,T,0.046
16,A,18,D,0.056
16,A,19,P,0.039
16,A,20,P,0.042
16,A,21,A,0.023
16,A,22,D,0.014
16,A,23,G,0.005
16,A,24,A,0.019
16,A,25,L,0.029
16,A,26,K,0.011
16,A,27,R,0.009
16,A,28,A,0.039
16,A,29,E,0.656
16,A,30,E,0.021
16,A,31,L,0.009
16,A,32,K,0.868
16,A,33,T,0.188
16,A,34,Q,0.008
16,A,35,A,0.058
16,A,36,N,0.919
16,A,37,D,0.099
16,A,38,Y,0.057
16,A,39,F,0.932
16,A,40,K,0.622
16,A,41,A,0.019
16,A,42,K,0.213
16,A,43,D,0.042
16,A,44,Y,0.589
16,A,45,E,0.150
16,A,46,N,0.009
16,A,47,A,0.121
16,A,48,I,0.253
16,A,49,K,0.028
16,A,50,F,0.027
16,A,51,Y,0.788
16,A,52,S,0.072
16,A,53,Q,0.005
16,A,54,A,0.014
16,A,55,I,0.198
16,A,56,E,0.027
16,A,57,L,0.008
16,A,58,N,0.053
16,A,59,P,0.046
16,A,60,S,0.042
16,A,61,N,0.173
16,A,62,A,0.155
16,A,63,I,0.806
16,A,64,Y,0.427
16,A,65,Y,0.158
16,A,66,G,0.115
16,A,67,N,0.916
16,A,68,R,0.438
16,A,69,S,0.011
16,A,70,L,0.767
16,A,71,A,0.026
16,A,72,Y,0.421
16,A,73,L,0.103
16,A,74,R,0.682
16,A,75,T,0.247
16,A,76,E,0.440
16,A,77,C,0.526
16,A,78,Y,0.475
16,A,79,G,0.366
16,A,80,Y,0.673
16,A,81,A,0.034
16,A,82,L,0.092
16,A,83,N,0.367
16,A,84,D,0.287
16,A,85,A,0.007
16,A,86,T,0.063
16,A,87,R,0.353
16,A,88,A,0.083
16,A,89,I,0.093
16,A,90,E,0.070
16,A,91,L,0.147
16,A,92,D,0.334
16,A,93,K,0.160
16,A,94,K,0.299
16,A,95,Y,0.668
16,A,96,I,0.151
16,A,97,K,0.786
16,A,98,G,0.048
16,A,99,Y,0.310
16,A,100,Y,0.405
16,A,101,R,0.875
16,A,102,R,0.080
16,A,103,A,0.003
16,A,104,A,0.062
16,A,105,S,0.007
16,A,106,N,0.080
16,A,107,M,0.186
16,A,108,A,0.332
16,A,109,L,0.445
16,A,110,G,0.469
16,A,111,K,0.531
16,A,112,F,0.384
16,A,113,R,0.247
16,A,114,A,0.071
16,A,115,A,0.025
16,A,116,L,0.086
16,A,117,R,0.135
16,A,118,D,0.177
16,A,119,Y,0.053
16,A,120,E,0.053
16,A,121,T,0.069
16,A,122,V,0.009
16,A,123,V,0.014
16,A,124,K,0.040
16,A,125,V,0.135
16,A,126,K,0.192
16,A,127,P,0.035
16,A,128,H,0.037
16,A,129,D,0.215
16,A,130,K,0.114
16,A,131,D,0.369
16,A,132,A,0.017
16,A,133,K,0.030
16,A,134,M,0.085
16,A,135,K,0.189
16,A,136,Y,0.032
16,A,137,Q,0.031
16,A,138,E,0.093
16,A,139,C,0.022
16,A,140,N,0.028
16,A,141,K,0.096
16,A,142,I,0.238
16,A,143,V,0.068
16,A,144,K,0.042
16,A,145,Q,0.172
16,A,146,K,0.333
16,A,147,A,0.030
16,B,1,M,0.081
16,B,2,E,0.042
16,B,3,E,0.012
16,B,4,V,0.008
16,B,5,D,0.011
17,A,17,T,0.037
17,A,18,D,0.043
17,A,19,P,0.032
17,A,20,P,0.033
17,A,21,A,0.020
17,A,22,D,0.011
17,A,23,G,0.004
17,A,24,A,0.012
17,A,25,L,0.021
17,A,26,K,0.004
17,A,27,R,0.007
17,A,28,A,0.041
17,A,29,E,0.402
17,A,30,E,0.033
17,A,31,L,0.011
17,A,32,K,0.820
17,A,33,T,0.100
17,A,34,Q,0.011
17,A,35,A,0.124
17,A,36,N,0.837
17,A,37,D,0.046
17,A,38,Y,0.119
17,A,39,F,0.892
17,A,40,K,0.609
17,A,41,A,0.023
17,A,42,K,0.291
17,A,43,D,0.052
17,A,44,Y,0.518
17,A,45,E,0.149
17,A,46,N,0.012
17,A,47,A,0.252
17,A,48,I,0.115
17,A,49,K,0.027
17,A,50,F,0.030
17,A,51,Y,0.622
17,A,52,S,0.058
17,A,53,Q,0.009
17,A,54,A,0.009
17,A,55,I,0.193
17,A,56,E,0.025
17,A,57,L,0.007
17,A,58,N,0.031
17,A,59,P,0.035
17,A,60,S,0.035
17,A,61,N,0.123
17,A,62,A,0.062
17,A,63,I,0.746
17,A,64,Y,0.164
17,A,65,Y,0.155
17,A,66,G,0.251
17,A,67,N,0.741
17,A,68,R,0.412
17,A,69,S,0.003
17,A,70,L,0.639
17,A,71,A,0.122
17,A,72,Y,0.237
17,A,73,L,0.106
17,A,74,R,0.631
17,A,75,T,0.181
17,A,76,E,0.264
17,A,77,C,0.311
17,A,78,Y,0.274
17,A,79,G,0.244
17,A,80,Y,0.377
17,A,81,A,0.041
17,A,82,L,0.091
17,A,83,N,0.150
17,A,84,D,0.171
17,A,85,A,0.008
17,A,86,T,0.021
17,A,87,R,0.181
17,A,88,A,0.056
17,A,89,I,0.024
17,A,90,E,0.019
17,A,91,L,0.105
17,A,92,D,0.236
17,A,93,K,0.034
17,A,94,K,0.110
17,A,95,Y,0.441
17,A,96,I,0.094
17,A,97,K,0.778
17,A,98,G,0.025
17,A,99,Y,0.017
17,A,100,Y,0.337
17,A,101,R,0.744
17,A,102,R,0.055
17,A,103,A,0.001
17,A,104,A,0.067
17,A,105,S,0.010
17,A,106,N,0.028
17,A,107,M,0.245
17,A,108,A,0.188
17,A,109,L,0.330
17,A,110,G,0.459
17,A,111,K,0.443
17,A,112,F,0.370
17,A,113,R,0.143
17,A,114,A,0.041
17,A,115,A,0.013
17,A,116,L,0.069
17,A,117,R,0.030
17,A,118,D,0.017
17,A,119,Y,0.020
17,A,120,E,0.024
17,A,121,T,0.015
17,A,122,V,0.003
17,A,123,V,0.010
17,A,124,K,0.018
17,A,125,V,0.025
17,A,126,K,0.119
17,A,127,P,0.022
17,A,128,H,0.024
17,A,129,D,0.164
17,A,130,K,0.089
17,A,131,D,0.199
17,A,132,A,0.015
17,A,133,K,0.022
17,A,134,M,0.089
17,A,135,K,0.137
17,A,136,Y,0.027
17,A,137,Q,0.027
17,A,138,E,0.139
17,A,139,C,0.083
17,A,140,N,0.029
17,A,141,K,0.104
17,A,142,I,0.283
17,A,143,V,0.094
17,A,144,K,0.046
17,A,145,Q,0.237
17,A,146,K,0.469
17,A,147,A,0.101
17,B,1,M,0.035
17,B,2,E,0.006
17,B,3,E,0.047
17,B,4,V,0.005
17,B,5,D,0.005
18,A,17,T,0.054
18,A,18,D,0.047
18,A,19,P,0.029
18,A,20,P,0.046
18,A,21,A,0.028
18,A,22,D,0.017
18,A,23,G,0.006
18,A,24,A,0.020
18,A,25,L,0.033
18,A,26,K,0.008
18,A,27,R,0.005
18,A,28,A,0.033
18,A,29,E,0.370
18,A,30,E,0.020
18,A,31,L,0.016
18,A,32,K,0.729
18,A,33,T,0.085
18,A,34,Q,0.008
18,A,35,A,0.096
18,A,36,N,0.755
18,A,37,D,0.031
18,A,38,Y,0.116
18,A,39,F,0.786
18,A,40,K,0.360
18,A,41,A,0.022
18,A,42,K,0.360
18,A,43,D,0.057
18,A,44,Y,0.409
18,A,45,E,0.121
18,A,46,N,0.012
18,A,47,A,0.222
18,A,48,I,0.210
18,A,49,K,0.030
18,A,50,F,0.019
18,A,51,Y,0.425
18,A,52,S,0.109
18,A,53,Q,0.010
18,A,54,A,0.013
18,A,55,I,0.169
18,A,56,E,0.031
18,A,57,L,0.010
18,A,58,N,0.041
18,A,59,P,0.043
18,A,60,S,0.021
18,A,61,N,0.096
18,A,62,A,0.052
18,A,63,I,0.590
18,A,64,Y,0.186
18,A,65,Y,0.154
18,A,66,G,0.193
18,A,67,N,0.560
18,A,68,R,0.370
18,A,69,S,0.008
18,A,70,L,0.570
18,A,71,A,0.073
18,A,72,Y,0.326
18,A,73,L,0.111
18,A,74,R,0.555
18,A,75,T,0.250
18,A,76,E,0.343
18,A,77,C,0.384
18,A,78,Y,0.314
18,A,79,G,0.311
18,A,80,Y,0.455
18,A,81,A,0.019
18,A,82,L,0.092
18,A,83,N,0.249
18,A,84,D,0.228
18,A,85,A,0.003
18,A,86,T,0.031
18,A,87,R,0.134
18,A,88,A,0.036
18,A,89,I,0.033
18,A,90,E,0.016
18,A,91,L,0.082
18,A,92,D,0.090
18,A,93,K,0.056
18,A,94,K,0.139
18,A,95,Y,0.362
18,A,96,I,0.128
18,A,97,K,0.652
18,A,98,G,0.029
18,A,99,Y,0.100
18,A,100,Y,0.263
18,A,101,R,0.561
18,A,102,R,0.151
18,A,103,A,0.001
18,A,104,A,0.058
18,A,105,S,0.013
18,A,106,N,0.037
18,A,107,M,0.158
18,A,108,A,0.238
18,A,109,L,0.310
18,A,110,G,0.356
18,A,111,K,0.357
18,A,112,F,0.290
18,A,113,R,0.249
18,A,114,A,0.067
18,A,115,A,0.014
18,A,116,L,0.120
18,A,117,R,0.100
18,A,118,D,0.035
18,A,119,Y,0.024
18,A,120,E,0.063
18,A,121,T,0.035
18,A,122,V,0.008
18,A,123,V,0.016
18,A,124,K,0.035
18,A,125,V,0.039
18,A,126,K,0.143
18,A,127,P,0.024
18,A,128,H,0.058
18,A,129,D,0.196
18,A,130,K,0.165
18,A,131,D,0.335
18,A,132,A,0.023
18,A,133,K,0.045
18,A,134,M,0.136
18,A,135,K,0.152
18,A,136,Y,0.050
18,A,137,Q,0.042
18,A,138,E,0.138
18,A,139,C,0.039
18,A,140,N,0.054
18,A,141,K,0.089
18,A,142,I,0.176
18,A,143,V,0.125
18,A,144,K,0.073
18,A,145,Q,0.144
18,A,146,K,0.347
18,A,147,A,0.154
18,B,1,M,0.024
18,B,2,E,0.019
18,B,3,E,0.011
18,B,4,V,0.005
18,B,5,D,0.003
